"","Value","Std.Error","t-value","p-value"
"(Intercept)",0.445395299371073,0.0448667659872748,9.92706493482051,0
"tropicaltropical",0.0926602561844833,0.0540043483794517,1.71579250495577,0.092
