"","Value","Std.Error","t-value","p-value"
"(Intercept)",0.492222222222222,0.0404409428930789,12.1713834299957,0
"bin_biomeopen",0.0401307189440685,0.0500130667733342,0.802404682079309,0.426
