"","Value","Std.Error","t-value","p-value"
"(Intercept)",0.474759708287718,0.0428077797587359,11.0905006277704,0
"tropicaltropical",-0.00123029652301236,0.0588853775914463,-0.0208930735156069,0.983
