"","Value","Std.Error","t-value","p-value"
"(Intercept)",0.515,0.0495097790080488,10.4019854323381,0
"super_biometemperate",-0.0578479918535743,0.0752355854144097,-0.76889136350755,0.446
"super_biometropical",0.0249999999999999,0.0585807605310494,0.42676127406624,0.671
