"","Value","Std.Error","t-value","p-value"
"(Intercept)",0.466315789473685,0.0419032975652046,11.1283793059022,0
"bin_biomeopen",0.0660371516815629,0.052317463173028,1.26223917744559,0.213
