"","Value","Std.Error","t-value","p-value"
"(Intercept)",0.474768631185194,0.0436890323930796,10.8669980812026,0
"tropicaltropical",0.063286924370361,0.0520834053564155,1.21510726760814,0.23
