"","Value","Std.Error","t-value","p-value"
"(Intercept)",0.45,0.0524362967556632,8.58184173639988,0
"bin_biomeopen",0.0343478260010601,0.0628094607248174,0.54685752121875,0.588
